Processors	Time elapsed	Memory used
31	15282.023432970049	363296
28	19219.07602262497	110624
25	23787.821307420734	77724
22	28218.937370061874	70976
19	32719.737457752228	79600
16	37759.627748966224	70712
13	44770.63255047798	71832
10	51771.5172419548	71388
7	65349.49836007333
4	99422.42819881439	292748
1	216338.40693234876	
